PassengerId,Survived,Pclass,Sex,Age,SibSp,Parch,Fare,FamilySize,IsAlone,Embarked_Q,Embarked_S,Deck_B,Deck_C,Deck_D,Deck_E,Deck_F,Deck_G,Deck_T,Deck_U
1,0,3,0,22.0,1,0,7.25,2,0,False,True,False,False,False,False,False,False,False,True
2,1,1,1,38.0,1,0,71.2833,2,0,False,False,False,True,False,False,False,False,False,False
3,1,3,1,26.0,0,0,7.925,1,1,False,True,False,False,False,False,False,False,False,True
4,1,1,1,35.0,1,0,53.1,2,0,False,True,False,True,False,False,False,False,False,False
5,0,3,0,35.0,0,0,8.05,1,1,False,True,False,False,False,False,False,False,False,True
6,0,3,0,28.0,0,0,8.4583,1,1,True,False,False,False,False,False,False,False,False,True
7,0,1,0,54.0,0,0,51.8625,1,1,False,True,False,False,False,True,False,False,False,False
8,0,3,0,2.0,3,1,21.075,5,0,False,True,False,False,False,False,False,False,False,True
9,1,3,1,27.0,0,2,11.1333,3,0,False,True,False,False,False,False,False,False,False,True
10,1,2,1,14.0,1,0,30.0708,2,0,False,False,False,False,False,False,False,False,False,True
11,1,3,1,4.0,1,1,16.7,3,0,False,True,False,False,False,False,False,True,False,False
12,1,1,1,58.0,0,0,26.55,1,1,False,True,False,True,False,False,False,False,False,False
13,0,3,0,20.0,0,0,8.05,1,1,False,True,False,False,False,False,False,False,False,True
14,0,3,0,39.0,1,5,31.275,7,0,False,True,False,False,False,False,False,False,False,True
15,0,3,1,14.0,0,0,7.8542,1,1,False,True,False,False,False,False,False,False,False,True
16,1,2,1,55.0,0,0,16.0,1,1,False,True,False,False,False,False,False,False,False,True
17,0,3,0,2.0,4,1,29.125,6,0,True,False,False,False,False,False,False,False,False,True
18,1,2,0,28.0,0,0,13.0,1,1,False,True,False,False,False,False,False,False,False,True
19,0,3,1,31.0,1,0,18.0,2,0,False,True,False,False,False,False,False,False,False,True
20,1,3,1,28.0,0,0,7.225,1,1,False,False,False,False,False,False,False,False,False,True
21,0,2,0,35.0,0,0,26.0,1,1,False,True,False,False,False,False,False,False,False,True
22,1,2,0,34.0,0,0,13.0,1,1,False,True,False,False,True,False,False,False,False,False
23,1,3,1,15.0,0,0,8.0292,1,1,True,False,False,False,False,False,False,False,False,True
24,1,1,0,28.0,0,0,35.5,1,1,False,True,False,False,False,False,False,False,False,False
25,0,3,1,8.0,3,1,21.075,5,0,False,True,False,False,False,False,False,False,False,True
26,1,3,1,38.0,1,5,31.3875,7,0,False,True,False,False,False,False,False,False,False,True
27,0,3,0,28.0,0,0,7.225,1,1,False,False,False,False,False,False,False,False,False,True
28,0,1,0,19.0,3,2,263.0,6,0,False,True,False,True,False,False,False,False,False,False
29,1,3,1,28.0,0,0,7.8792,1,1,True,False,False,False,False,False,False,False,False,True
30,0,3,0,28.0,0,0,7.8958,1,1,False,True,False,False,False,False,False,False,False,True
31,0,1,0,40.0,0,0,27.7208,1,1,False,False,False,False,False,False,False,False,False,True
32,1,1,1,28.0,1,0,146.5208,2,0,False,False,True,False,False,False,False,False,False,False
33,1,3,1,28.0,0,0,7.75,1,1,True,False,False,False,False,False,False,False,False,True
34,0,2,0,66.0,0,0,10.5,1,1,False,True,False,False,False,False,False,False,False,True
35,0,1,0,28.0,1,0,82.1708,2,0,False,False,False,False,False,False,False,False,False,True
36,0,1,0,42.0,1,0,52.0,2,0,False,True,False,False,False,False,False,False,False,True
37,1,3,0,28.0,0,0,7.2292,1,1,False,False,False,False,False,False,False,False,False,True
38,0,3,0,21.0,0,0,8.05,1,1,False,True,False,False,False,False,False,False,False,True
39,0,3,1,18.0,2,0,18.0,3,0,False,True,False,False,False,False,False,False,False,True
40,1,3,1,14.0,1,0,11.2417,2,0,False,False,False,False,False,False,False,False,False,True
41,0,3,1,40.0,1,0,9.475,2,0,False,True,False,False,False,False,False,False,False,True
42,0,2,1,27.0,1,0,21.0,2,0,False,True,False,False,False,False,False,False,False,True
43,0,3,0,28.0,0,0,7.8958,1,1,False,False,False,False,False,False,False,False,False,True
44,1,2,1,3.0,1,2,41.5792,4,0,False,False,False,False,False,False,False,False,False,True
45,1,3,1,19.0,0,0,7.8792,1,1,True,False,False,False,False,False,False,False,False,True
46,0,3,0,28.0,0,0,8.05,1,1,False,True,False,False,False,False,False,False,False,True
47,0,3,0,28.0,1,0,15.5,2,0,True,False,False,False,False,False,False,False,False,True
48,1,3,1,28.0,0,0,7.75,1,1,True,False,False,False,False,False,False,False,False,True
49,0,3,0,28.0,2,0,21.6792,3,0,False,False,False,False,False,False,False,False,False,True
50,0,3,1,18.0,1,0,17.8,2,0,False,True,False,False,False,False,False,False,False,True
51,0,3,0,7.0,4,1,39.6875,6,0,False,True,False,False,False,False,False,False,False,True
52,0,3,0,21.0,0,0,7.8,1,1,False,True,False,False,False,False,False,False,False,True
53,1,1,1,49.0,1,0,76.7292,2,0,False,False,False,False,True,False,False,False,False,False
54,1,2,1,29.0,1,0,26.0,2,0,False,True,False,False,False,False,False,False,False,True
55,0,1,0,65.0,0,1,61.9792,2,0,False,False,True,False,False,False,False,False,False,False
56,1,1,0,28.0,0,0,35.5,1,1,False,True,False,True,False,False,False,False,False,False
57,1,2,1,21.0,0,0,10.5,1,1,False,True,False,False,False,False,False,False,False,True
58,0,3,0,28.5,0,0,7.2292,1,1,False,False,False,False,False,False,False,False,False,True
59,1,2,1,5.0,1,2,27.75,4,0,False,True,False,False,False,False,False,False,False,True
60,0,3,0,11.0,5,2,46.9,8,0,False,True,False,False,False,False,False,False,False,True
61,0,3,0,22.0,0,0,7.2292,1,1,False,False,False,False,False,False,False,False,False,True
62,1,1,1,38.0,0,0,80.0,1,1,False,True,True,False,False,False,False,False,False,False
63,0,1,0,45.0,1,0,83.475,2,0,False,True,False,True,False,False,False,False,False,False
64,0,3,0,4.0,3,2,27.9,6,0,False,True,False,False,False,False,False,False,False,True
65,0,1,0,28.0,0,0,27.7208,1,1,False,False,False,False,False,False,False,False,False,True
66,1,3,0,28.0,1,1,15.2458,3,0,False,False,False,False,False,False,False,False,False,True
67,1,2,1,29.0,0,0,10.5,1,1,False,True,False,False,False,False,True,False,False,False
68,0,3,0,19.0,0,0,8.1583,1,1,False,True,False,False,False,False,False,False,False,True
69,1,3,1,17.0,4,2,7.925,7,0,False,True,False,False,False,False,False,False,False,True
70,0,3,0,26.0,2,0,8.6625,3,0,False,True,False,False,False,False,False,False,False,True
71,0,2,0,32.0,0,0,10.5,1,1,False,True,False,False,False,False,False,False,False,True
72,0,3,1,16.0,5,2,46.9,8,0,False,True,False,False,False,False,False,False,False,True
73,0,2,0,21.0,0,0,73.5,1,1,False,True,False,False,False,False,False,False,False,True
74,0,3,0,26.0,1,0,14.4542,2,0,False,False,False,False,False,False,False,False,False,True
75,1,3,0,32.0,0,0,56.4958,1,1,False,True,False,False,False,False,False,False,False,True
76,0,3,0,25.0,0,0,7.65,1,1,False,True,False,False,False,False,True,False,False,False
77,0,3,0,28.0,0,0,7.8958,1,1,False,True,False,False,False,False,False,False,False,True
78,0,3,0,28.0,0,0,8.05,1,1,False,True,False,False,False,False,False,False,False,True
79,1,2,0,0.83,0,2,29.0,3,0,False,True,False,False,False,False,False,False,False,True
80,1,3,1,30.0,0,0,12.475,1,1,False,True,False,False,False,False,False,False,False,True
81,0,3,0,22.0,0,0,9.0,1,1,False,True,False,False,False,False,False,False,False,True
82,1,3,0,29.0,0,0,9.5,1,1,False,True,False,False,False,False,False,False,False,True
83,1,3,1,28.0,0,0,7.7875,1,1,True,False,False,False,False,False,False,False,False,True
84,0,1,0,28.0,0,0,47.1,1,1,False,True,False,False,False,False,False,False,False,True
85,1,2,1,17.0,0,0,10.5,1,1,False,True,False,False,False,False,False,False,False,True
86,1,3,1,33.0,3,0,15.85,4,0,False,True,False,False,False,False,False,False,False,True
87,0,3,0,16.0,1,3,34.375,5,0,False,True,False,False,False,False,False,False,False,True
88,0,3,0,28.0,0,0,8.05,1,1,False,True,False,False,False,False,False,False,False,True
89,1,1,1,23.0,3,2,263.0,6,0,False,True,False,True,False,False,False,False,False,False
90,0,3,0,24.0,0,0,8.05,1,1,False,True,False,False,False,False,False,False,False,True
91,0,3,0,29.0,0,0,8.05,1,1,False,True,False,False,False,False,False,False,False,True
92,0,3,0,20.0,0,0,7.8542,1,1,False,True,False,False,False,False,False,False,False,True
93,0,1,0,46.0,1,0,61.175,2,0,False,True,False,False,False,True,False,False,False,False
94,0,3,0,26.0,1,2,20.575,4,0,False,True,False,False,False,False,False,False,False,True
95,0,3,0,59.0,0,0,7.25,1,1,False,True,False,False,False,False,False,False,False,True
96,0,3,0,28.0,0,0,8.05,1,1,False,True,False,False,False,False,False,False,False,True
97,0,1,0,71.0,0,0,34.6542,1,1,False,False,False,False,False,False,False,False,False,False
98,1,1,0,23.0,0,1,63.3583,2,0,False,False,False,False,True,False,False,False,False,False
99,1,2,1,34.0,0,1,23.0,2,0,False,True,False,False,False,False,False,False,False,True
100,0,2,0,34.0,1,0,26.0,2,0,False,True,False,False,False,False,False,False,False,True
101,0,3,1,28.0,0,0,7.8958,1,1,False,True,False,False,False,False,False,False,False,True
102,0,3,0,28.0,0,0,7.8958,1,1,False,True,False,False,False,False,False,False,False,True
103,0,1,0,21.0,0,1,77.2875,2,0,False,True,False,False,True,False,False,False,False,False
104,0,3,0,33.0,0,0,8.6542,1,1,False,True,False,False,False,False,False,False,False,True
105,0,3,0,37.0,2,0,7.925,3,0,False,True,False,False,False,False,False,False,False,True
106,0,3,0,28.0,0,0,7.8958,1,1,False,True,False,False,False,False,False,False,False,True
107,1,3,1,21.0,0,0,7.65,1,1,False,True,False,False,False,False,False,False,False,True
108,1,3,0,28.0,0,0,7.775,1,1,False,True,False,False,False,False,False,False,False,True
109,0,3,0,38.0,0,0,7.8958,1,1,False,True,False,False,False,False,False,False,False,True
110,1,3,1,28.0,1,0,24.15,2,0,True,False,False,False,False,False,False,False,False,True
111,0,1,0,47.0,0,0,52.0,1,1,False,True,False,True,False,False,False,False,False,False
112,0,3,1,14.5,1,0,14.4542,2,0,False,False,False,False,False,False,False,False,False,True
113,0,3,0,22.0,0,0,8.05,1,1,False,True,False,False,False,False,False,False,False,True
114,0,3,1,20.0,1,0,9.825,2,0,False,True,False,False,False,False,False,False,False,True
115,0,3,1,17.0,0,0,14.4583,1,1,False,False,False,False,False,False,False,False,False,True
116,0,3,0,21.0,0,0,7.925,1,1,False,True,False,False,False,False,False,False,False,True
117,0,3,0,70.5,0,0,7.75,1,1,True,False,False,False,False,False,False,False,False,True
118,0,2,0,29.0,1,0,21.0,2,0,False,True,False,False,False,False,False,False,False,True
119,0,1,0,24.0,0,1,247.5208,2,0,False,False,True,False,False,False,False,False,False,False
120,0,3,1,2.0,4,2,31.275,7,0,False,True,False,False,False,False,False,False,False,True
121,0,2,0,21.0,2,0,73.5,3,0,False,True,False,False,False,False,False,False,False,True
122,0,3,0,28.0,0,0,8.05,1,1,False,True,False,False,False,False,False,False,False,True
123,0,2,0,32.5,1,0,30.0708,2,0,False,False,False,False,False,False,False,False,False,True
124,1,2,1,32.5,0,0,13.0,1,1,False,True,False,False,False,True,False,False,False,False
125,0,1,0,54.0,0,1,77.2875,2,0,False,True,False,False,True,False,False,False,False,False
126,1,3,0,12.0,1,0,11.2417,2,0,False,False,False,False,False,False,False,False,False,True
127,0,3,0,28.0,0,0,7.75,1,1,True,False,False,False,False,False,False,False,False,True
128,1,3,0,24.0,0,0,7.1417,1,1,False,True,False,False,False,False,False,False,False,True
129,1,3,1,28.0,1,1,22.3583,3,0,False,False,False,False,False,False,True,False,False,False
130,0,3,0,45.0,0,0,6.975,1,1,False,True,False,False,False,False,False,False,False,True
131,0,3,0,33.0,0,0,7.8958,1,1,False,False,False,False,False,False,False,False,False,True
132,0,3,0,20.0,0,0,7.05,1,1,False,True,False,False,False,False,False,False,False,True
133,0,3,1,47.0,1,0,14.5,2,0,False,True,False,False,False,False,False,False,False,True
134,1,2,1,29.0,1,0,26.0,2,0,False,True,False,False,False,False,False,False,False,True
135,0,2,0,25.0,0,0,13.0,1,1,False,True,False,False,False,False,False,False,False,True
136,0,2,0,23.0,0,0,15.0458,1,1,False,False,False,False,False,False,False,False,False,True
137,1,1,1,19.0,0,2,26.2833,3,0,False,True,False,False,True,False,False,False,False,False
138,0,1,0,37.0,1,0,53.1,2,0,False,True,False,True,False,False,False,False,False,False
139,0,3,0,16.0,0,0,9.2167,1,1,False,True,False,False,False,False,False,False,False,True
140,0,1,0,24.0,0,0,79.2,1,1,False,False,True,False,False,False,False,False,False,False
141,0,3,1,28.0,0,2,15.2458,3,0,False,False,False,False,False,False,False,False,False,True
142,1,3,1,22.0,0,0,7.75,1,1,False,True,False,False,False,False,False,False,False,True
143,1,3,1,24.0,1,0,15.85,2,0,False,True,False,False,False,False,False,False,False,True
144,0,3,0,19.0,0,0,6.75,1,1,True,False,False,False,False,False,False,False,False,True
145,0,2,0,18.0,0,0,11.5,1,1,False,True,False,False,False,False,False,False,False,True
146,0,2,0,19.0,1,1,36.75,3,0,False,True,False,False,False,False,False,False,False,True
147,1,3,0,27.0,0,0,7.7958,1,1,False,True,False,False,False,False,False,False,False,True
148,0,3,1,9.0,2,2,34.375,5,0,False,True,False,False,False,False,False,False,False,True
149,0,2,0,36.5,0,2,26.0,3,0,False,True,False,False,False,False,True,False,False,False
150,0,2,0,42.0,0,0,13.0,1,1,False,True,False,False,False,False,False,False,False,True
151,0,2,0,51.0,0,0,12.525,1,1,False,True,False,False,False,False,False,False,False,True
152,1,1,1,22.0,1,0,66.6,2,0,False,True,False,True,False,False,False,False,False,False
153,0,3,0,55.5,0,0,8.05,1,1,False,True,False,False,False,False,False,False,False,True
154,0,3,0,40.5,0,2,14.5,3,0,False,True,False,False,False,False,False,False,False,True
155,0,3,0,28.0,0,0,7.3125,1,1,False,True,False,False,False,False,False,False,False,True
156,0,1,0,51.0,0,1,61.3792,2,0,False,False,False,False,False,False,False,False,False,True
157,1,3,1,16.0,0,0,7.7333,1,1,True,False,False,False,False,False,False,False,False,True
158,0,3,0,30.0,0,0,8.05,1,1,False,True,False,False,False,False,False,False,False,True
159,0,3,0,28.0,0,0,8.6625,1,1,False,True,False,False,False,False,False,False,False,True
160,0,3,0,28.0,8,2,69.55,11,0,False,True,False,False,False,False,False,False,False,True
161,0,3,0,44.0,0,1,16.1,2,0,False,True,False,False,False,False,False,False,False,True
162,1,2,1,40.0,0,0,15.75,1,1,False,True,False,False,False,False,False,False,False,True
163,0,3,0,26.0,0,0,7.775,1,1,False,True,False,False,False,False,False,False,False,True
164,0,3,0,17.0,0,0,8.6625,1,1,False,True,False,False,False,False,False,False,False,True
165,0,3,0,1.0,4,1,39.6875,6,0,False,True,False,False,False,False,False,False,False,True
166,1,3,0,9.0,0,2,20.525,3,0,False,True,False,False,False,False,False,False,False,True
167,1,1,1,28.0,0,1,55.0,2,0,False,True,False,False,False,True,False,False,False,False
168,0,3,1,45.0,1,4,27.9,6,0,False,True,False,False,False,False,False,False,False,True
169,0,1,0,28.0,0,0,25.925,1,1,False,True,False,False,False,False,False,False,False,True
170,0,3,0,28.0,0,0,56.4958,1,1,False,True,False,False,False,False,False,False,False,True
171,0,1,0,61.0,0,0,33.5,1,1,False,True,True,False,False,False,False,False,False,False
172,0,3,0,4.0,4,1,29.125,6,0,True,False,False,False,False,False,False,False,False,True
173,1,3,1,1.0,1,1,11.1333,3,0,False,True,False,False,False,False,False,False,False,True
174,0,3,0,21.0,0,0,7.925,1,1,False,True,False,False,False,False,False,False,False,True
175,0,1,0,56.0,0,0,30.6958,1,1,False,False,False,False,False,False,False,False,False,False
176,0,3,0,18.0,1,1,7.8542,3,0,False,True,False,False,False,False,False,False,False,True
177,0,3,0,28.0,3,1,25.4667,5,0,False,True,False,False,False,False,False,False,False,True
178,0,1,1,50.0,0,0,28.7125,1,1,False,False,False,True,False,False,False,False,False,False
179,0,2,0,30.0,0,0,13.0,1,1,False,True,False,False,False,False,False,False,False,True
180,0,3,0,36.0,0,0,0.0,1,1,False,True,False,False,False,False,False,False,False,True
181,0,3,1,28.0,8,2,69.55,11,0,False,True,False,False,False,False,False,False,False,True
182,0,2,0,28.0,0,0,15.05,1,1,False,False,False,False,False,False,False,False,False,True
183,0,3,0,9.0,4,2,31.3875,7,0,False,True,False,False,False,False,False,False,False,True
184,1,2,0,1.0,2,1,39.0,4,0,False,True,False,False,False,False,True,False,False,False
185,1,3,1,4.0,0,2,22.025,3,0,False,True,False,False,False,False,False,False,False,True
186,0,1,0,28.0,0,0,50.0,1,1,False,True,False,False,False,False,False,False,False,False
187,1,3,1,28.0,1,0,15.5,2,0,True,False,False,False,False,False,False,False,False,True
188,1,1,0,45.0,0,0,26.55,1,1,False,True,False,False,False,False,False,False,False,True
189,0,3,0,40.0,1,1,15.5,3,0,True,False,False,False,False,False,False,False,False,True
190,0,3,0,36.0,0,0,7.8958,1,1,False,True,False,False,False,False,False,False,False,True
191,1,2,1,32.0,0,0,13.0,1,1,False,True,False,False,False,False,False,False,False,True
192,0,2,0,19.0,0,0,13.0,1,1,False,True,False,False,False,False,False,False,False,True
193,1,3,1,19.0,1,0,7.8542,2,0,False,True,False,False,False,False,False,False,False,True
194,1,2,0,3.0,1,1,26.0,3,0,False,True,False,False,False,False,True,False,False,False
195,1,1,1,44.0,0,0,27.7208,1,1,False,False,True,False,False,False,False,False,False,False
196,1,1,1,58.0,0,0,146.5208,1,1,False,False,True,False,False,False,False,False,False,False
197,0,3,0,28.0,0,0,7.75,1,1,True,False,False,False,False,False,False,False,False,True
198,0,3,0,42.0,0,1,8.4042,2,0,False,True,False,False,False,False,False,False,False,True
199,1,3,1,28.0,0,0,7.75,1,1,True,False,False,False,False,False,False,False,False,True
200,0,2,1,24.0,0,0,13.0,1,1,False,True,False,False,False,False,False,False,False,True
201,0,3,0,28.0,0,0,9.5,1,1,False,True,False,False,False,False,False,False,False,True
202,0,3,0,28.0,8,2,69.55,11,0,False,True,False,False,False,False,False,False,False,True
203,0,3,0,34.0,0,0,6.4958,1,1,False,True,False,False,False,False,False,False,False,True
204,0,3,0,45.5,0,0,7.225,1,1,False,False,False,False,False,False,False,False,False,True
205,1,3,0,18.0,0,0,8.05,1,1,False,True,False,False,False,False,False,False,False,True
206,0,3,1,2.0,0,1,10.4625,2,0,False,True,False,False,False,False,False,True,False,False
207,0,3,0,32.0,1,0,15.85,2,0,False,True,False,False,False,False,False,False,False,True
208,1,3,0,26.0,0,0,18.7875,1,1,False,False,False,False,False,False,False,False,False,True
209,1,3,1,16.0,0,0,7.75,1,1,True,False,False,False,False,False,False,False,False,True
210,1,1,0,40.0,0,0,31.0,1,1,False,False,False,False,False,False,False,False,False,False
211,0,3,0,24.0,0,0,7.05,1,1,False,True,False,False,False,False,False,False,False,True
212,1,2,1,35.0,0,0,21.0,1,1,False,True,False,False,False,False,False,False,False,True
213,0,3,0,22.0,0,0,7.25,1,1,False,True,False,False,False,False,False,False,False,True
214,0,2,0,30.0,0,0,13.0,1,1,False,True,False,False,False,False,False,False,False,True
215,0,3,0,28.0,1,0,7.75,2,0,True,False,False,False,False,False,False,False,False,True
216,1,1,1,31.0,1,0,113.275,2,0,False,False,False,False,True,False,False,False,False,False
217,1,3,1,27.0,0,0,7.925,1,1,False,True,False,False,False,False,False,False,False,True
218,0,2,0,42.0,1,0,27.0,2,0,False,True,False,False,False,False,False,False,False,True
219,1,1,1,32.0,0,0,76.2917,1,1,False,False,False,False,True,False,False,False,False,False
220,0,2,0,30.0,0,0,10.5,1,1,False,True,False,False,False,False,False,False,False,True
221,1,3,0,16.0,0,0,8.05,1,1,False,True,False,False,False,False,False,False,False,True
222,0,2,0,27.0,0,0,13.0,1,1,False,True,False,False,False,False,False,False,False,True
223,0,3,0,51.0,0,0,8.05,1,1,False,True,False,False,False,False,False,False,False,True
224,0,3,0,28.0,0,0,7.8958,1,1,False,True,False,False,False,False,False,False,False,True
225,1,1,0,38.0,1,0,90.0,2,0,False,True,False,True,False,False,False,False,False,False
226,0,3,0,22.0,0,0,9.35,1,1,False,True,False,False,False,False,False,False,False,True
227,1,2,0,19.0,0,0,10.5,1,1,False,True,False,False,False,False,False,False,False,True
228,0,3,0,20.5,0,0,7.25,1,1,False,True,False,False,False,False,False,False,False,True
229,0,2,0,18.0,0,0,13.0,1,1,False,True,False,False,False,False,False,False,False,True
230,0,3,1,28.0,3,1,25.4667,5,0,False,True,False,False,False,False,False,False,False,True
231,1,1,1,35.0,1,0,83.475,2,0,False,True,False,True,False,False,False,False,False,False
232,0,3,0,29.0,0,0,7.775,1,1,False,True,False,False,False,False,False,False,False,True
233,0,2,0,59.0,0,0,13.5,1,1,False,True,False,False,False,False,False,False,False,True
234,1,3,1,5.0,4,2,31.3875,7,0,False,True,False,False,False,False,False,False,False,True
235,0,2,0,24.0,0,0,10.5,1,1,False,True,False,False,False,False,False,False,False,True
236,0,3,1,28.0,0,0,7.55,1,1,False,True,False,False,False,False,False,False,False,True
237,0,2,0,44.0,1,0,26.0,2,0,False,True,False,False,False,False,False,False,False,True
238,1,2,1,8.0,0,2,26.25,3,0,False,True,False,False,False,False,False,False,False,True
239,0,2,0,19.0,0,0,10.5,1,1,False,True,False,False,False,False,False,False,False,True
240,0,2,0,33.0,0,0,12.275,1,1,False,True,False,False,False,False,False,False,False,True
241,0,3,1,28.0,1,0,14.4542,2,0,False,False,False,False,False,False,False,False,False,True
242,1,3,1,28.0,1,0,15.5,2,0,True,False,False,False,False,False,False,False,False,True
243,0,2,0,29.0,0,0,10.5,1,1,False,True,False,False,False,False,False,False,False,True
244,0,3,0,22.0,0,0,7.125,1,1,False,True,False,False,False,False,False,False,False,True
245,0,3,0,30.0,0,0,7.225,1,1,False,False,False,False,False,False,False,False,False,True
246,0,1,0,44.0,2,0,90.0,3,0,True,False,False,True,False,False,False,False,False,False
247,0,3,1,25.0,0,0,7.775,1,1,False,True,False,False,False,False,False,False,False,True
248,1,2,1,24.0,0,2,14.5,3,0,False,True,False,False,False,False,False,False,False,True
249,1,1,0,37.0,1,1,52.5542,3,0,False,True,False,False,True,False,False,False,False,False
250,0,2,0,54.0,1,0,26.0,2,0,False,True,False,False,False,False,False,False,False,True
251,0,3,0,28.0,0,0,7.25,1,1,False,True,False,False,False,False,False,False,False,True
252,0,3,1,29.0,1,1,10.4625,3,0,False,True,False,False,False,False,False,True,False,False
253,0,1,0,62.0,0,0,26.55,1,1,False,True,False,True,False,False,False,False,False,False
254,0,3,0,30.0,1,0,16.1,2,0,False,True,False,False,False,False,False,False,False,True
255,0,3,1,41.0,0,2,20.2125,3,0,False,True,False,False,False,False,False,False,False,True
256,1,3,1,29.0,0,2,15.2458,3,0,False,False,False,False,False,False,False,False,False,True
257,1,1,1,28.0,0,0,79.2,1,1,False,False,False,False,False,False,False,False,False,True
258,1,1,1,30.0,0,0,86.5,1,1,False,True,True,False,False,False,False,False,False,False
259,1,1,1,35.0,0,0,512.3292,1,1,False,False,False,False,False,False,False,False,False,True
260,1,2,1,50.0,0,1,26.0,2,0,False,True,False,False,False,False,False,False,False,True
261,0,3,0,28.0,0,0,7.75,1,1,True,False,False,False,False,False,False,False,False,True
262,1,3,0,3.0,4,2,31.3875,7,0,False,True,False,False,False,False,False,False,False,True
263,0,1,0,52.0,1,1,79.65,3,0,False,True,False,False,False,True,False,False,False,False
264,0,1,0,40.0,0,0,0.0,1,1,False,True,True,False,False,False,False,False,False,False
265,0,3,1,28.0,0,0,7.75,1,1,True,False,False,False,False,False,False,False,False,True
266,0,2,0,36.0,0,0,10.5,1,1,False,True,False,False,False,False,False,False,False,True
267,0,3,0,16.0,4,1,39.6875,6,0,False,True,False,False,False,False,False,False,False,True
268,1,3,0,25.0,1,0,7.775,2,0,False,True,False,False,False,False,False,False,False,True
269,1,1,1,58.0,0,1,153.4625,2,0,False,True,False,True,False,False,False,False,False,False
270,1,1,1,35.0,0,0,135.6333,1,1,False,True,False,True,False,False,False,False,False,False
271,0,1,0,28.0,0,0,31.0,1,1,False,True,False,False,False,False,False,False,False,True
272,1,3,0,25.0,0,0,0.0,1,1,False,True,False,False,False,False,False,False,False,True
273,1,2,1,41.0,0,1,19.5,2,0,False,True,False,False,False,False,False,False,False,True
274,0,1,0,37.0,0,1,29.7,2,0,False,False,False,True,False,False,False,False,False,False
275,1,3,1,28.0,0,0,7.75,1,1,True,False,False,False,False,False,False,False,False,True
276,1,1,1,63.0,1,0,77.9583,2,0,False,True,False,False,True,False,False,False,False,False
277,0,3,1,45.0,0,0,7.75,1,1,False,True,False,False,False,False,False,False,False,True
278,0,2,0,28.0,0,0,0.0,1,1,False,True,False,False,False,False,False,False,False,True
279,0,3,0,7.0,4,1,29.125,6,0,True,False,False,False,False,False,False,False,False,True
280,1,3,1,35.0,1,1,20.25,3,0,False,True,False,False,False,False,False,False,False,True
281,0,3,0,65.0,0,0,7.75,1,1,True,False,False,False,False,False,False,False,False,True
282,0,3,0,28.0,0,0,7.8542,1,1,False,True,False,False,False,False,False,False,False,True
283,0,3,0,16.0,0,0,9.5,1,1,False,True,False,False,False,False,False,False,False,True
284,1,3,0,19.0,0,0,8.05,1,1,False,True,False,False,False,False,False,False,False,True
285,0,1,0,28.0,0,0,26.0,1,1,False,True,False,False,False,False,False,False,False,False
286,0,3,0,33.0,0,0,8.6625,1,1,False,False,False,False,False,False,False,False,False,True
287,1,3,0,30.0,0,0,9.5,1,1,False,True,False,False,False,False,False,False,False,True
288,0,3,0,22.0,0,0,7.8958,1,1,False,True,False,False,False,False,False,False,False,True
289,1,2,0,42.0,0,0,13.0,1,1,False,True,False,False,False,False,False,False,False,True
290,1,3,1,22.0,0,0,7.75,1,1,True,False,False,False,False,False,False,False,False,True
291,1,1,1,26.0,0,0,78.85,1,1,False,True,False,False,False,False,False,False,False,True
292,1,1,1,19.0,1,0,91.0792,2,0,False,False,True,False,False,False,False,False,False,False
293,0,2,0,36.0,0,0,12.875,1,1,False,False,False,False,True,False,False,False,False,False
294,0,3,1,24.0,0,0,8.85,1,1,False,True,False,False,False,False,False,False,False,True
295,0,3,0,24.0,0,0,7.8958,1,1,False,True,False,False,False,False,False,False,False,True
296,0,1,0,28.0,0,0,27.7208,1,1,False,False,False,False,False,False,False,False,False,True
297,0,3,0,23.5,0,0,7.2292,1,1,False,False,False,False,False,False,False,False,False,True
298,0,1,1,2.0,1,2,151.55,4,0,False,True,False,True,False,False,False,False,False,False
299,1,1,0,28.0,0,0,30.5,1,1,False,True,False,True,False,False,False,False,False,False
300,1,1,1,50.0,0,1,247.5208,2,0,False,False,True,False,False,False,False,False,False,False
301,1,3,1,28.0,0,0,7.75,1,1,True,False,False,False,False,False,False,False,False,True
302,1,3,0,28.0,2,0,23.25,3,0,True,False,False,False,False,False,False,False,False,True
303,0,3,0,19.0,0,0,0.0,1,1,False,True,False,False,False,False,False,False,False,True
304,1,2,1,28.0,0,0,12.35,1,1,True,False,False,False,False,True,False,False,False,False
305,0,3,0,28.0,0,0,8.05,1,1,False,True,False,False,False,False,False,False,False,True
306,1,1,0,0.92,1,2,151.55,4,0,False,True,False,True,False,False,False,False,False,False
307,1,1,1,28.0,0,0,110.8833,1,1,False,False,False,False,False,False,False,False,False,True
308,1,1,1,17.0,1,0,108.9,2,0,False,False,False,True,False,False,False,False,False,False
309,0,2,0,30.0,1,0,24.0,2,0,False,False,False,False,False,False,False,False,False,True
310,1,1,1,30.0,0,0,56.9292,1,1,False,False,False,False,False,True,False,False,False,False
311,1,1,1,24.0,0,0,83.1583,1,1,False,False,False,True,False,False,False,False,False,False
312,1,1,1,18.0,2,2,262.375,5,0,False,False,True,False,False,False,False,False,False,False
313,0,2,1,26.0,1,1,26.0,3,0,False,True,False,False,False,False,False,False,False,True
314,0,3,0,28.0,0,0,7.8958,1,1,False,True,False,False,False,False,False,False,False,True
315,0,2,0,43.0,1,1,26.25,3,0,False,True,False,False,False,False,False,False,False,True
316,1,3,1,26.0,0,0,7.8542,1,1,False,True,False,False,False,False,False,False,False,True
317,1,2,1,24.0,1,0,26.0,2,0,False,True,False,False,False,False,False,False,False,True
318,0,2,0,54.0,0,0,14.0,1,1,False,True,False,False,False,False,False,False,False,True
319,1,1,1,31.0,0,2,164.8667,3,0,False,True,False,True,False,False,False,False,False,False
320,1,1,1,40.0,1,1,134.5,3,0,False,False,False,False,False,True,False,False,False,False
321,0,3,0,22.0,0,0,7.25,1,1,False,True,False,False,False,False,False,False,False,True
322,0,3,0,27.0,0,0,7.8958,1,1,False,True,False,False,False,False,False,False,False,True
323,1,2,1,30.0,0,0,12.35,1,1,True,False,False,False,False,False,False,False,False,True
324,1,2,1,22.0,1,1,29.0,3,0,False,True,False,False,False,False,False,False,False,True
325,0,3,0,28.0,8,2,69.55,11,0,False,True,False,False,False,False,False,False,False,True
326,1,1,1,36.0,0,0,135.6333,1,1,False,False,False,True,False,False,False,False,False,False
327,0,3,0,61.0,0,0,6.2375,1,1,False,True,False,False,False,False,False,False,False,True
328,1,2,1,36.0,0,0,13.0,1,1,False,True,False,False,True,False,False,False,False,False
329,1,3,1,31.0,1,1,20.525,3,0,False,True,False,False,False,False,False,False,False,True
330,1,1,1,16.0,0,1,57.9792,2,0,False,False,True,False,False,False,False,False,False,False
331,1,3,1,28.0,2,0,23.25,3,0,True,False,False,False,False,False,False,False,False,True
332,0,1,0,45.5,0,0,28.5,1,1,False,True,False,True,False,False,False,False,False,False
333,0,1,0,38.0,0,1,153.4625,2,0,False,True,False,True,False,False,False,False,False,False
334,0,3,0,16.0,2,0,18.0,3,0,False,True,False,False,False,False,False,False,False,True
335,1,1,1,28.0,1,0,133.65,2,0,False,True,False,False,False,False,False,False,False,True
336,0,3,0,28.0,0,0,7.8958,1,1,False,True,False,False,False,False,False,False,False,True
337,0,1,0,29.0,1,0,66.6,2,0,False,True,False,True,False,False,False,False,False,False
338,1,1,1,41.0,0,0,134.5,1,1,False,False,False,False,False,True,False,False,False,False
339,1,3,0,45.0,0,0,8.05,1,1,False,True,False,False,False,False,False,False,False,True
340,0,1,0,45.0,0,0,35.5,1,1,False,True,False,False,False,False,False,False,True,False
341,1,2,0,2.0,1,1,26.0,3,0,False,True,False,False,False,False,True,False,False,False
342,1,1,1,24.0,3,2,263.0,6,0,False,True,False,True,False,False,False,False,False,False
343,0,2,0,28.0,0,0,13.0,1,1,False,True,False,False,False,False,False,False,False,True
344,0,2,0,25.0,0,0,13.0,1,1,False,True,False,False,False,False,False,False,False,True
345,0,2,0,36.0,0,0,13.0,1,1,False,True,False,False,False,False,False,False,False,True
346,1,2,1,24.0,0,0,13.0,1,1,False,True,False,False,False,False,True,False,False,False
347,1,2,1,40.0,0,0,13.0,1,1,False,True,False,False,False,False,False,False,False,True
348,1,3,1,28.0,1,0,16.1,2,0,False,True,False,False,False,False,False,False,False,True
349,1,3,0,3.0,1,1,15.9,3,0,False,True,False,False,False,False,False,False,False,True
350,0,3,0,42.0,0,0,8.6625,1,1,False,True,False,False,False,False,False,False,False,True
351,0,3,0,23.0,0,0,9.225,1,1,False,True,False,False,False,False,False,False,False,True
352,0,1,0,28.0,0,0,35.0,1,1,False,True,False,True,False,False,False,False,False,False
353,0,3,0,15.0,1,1,7.2292,3,0,False,False,False,False,False,False,False,False,False,True
354,0,3,0,25.0,1,0,17.8,2,0,False,True,False,False,False,False,False,False,False,True
355,0,3,0,28.0,0,0,7.225,1,1,False,False,False,False,False,False,False,False,False,True
356,0,3,0,28.0,0,0,9.5,1,1,False,True,False,False,False,False,False,False,False,True
357,1,1,1,22.0,0,1,55.0,2,0,False,True,False,False,False,True,False,False,False,False
358,0,2,1,38.0,0,0,13.0,1,1,False,True,False,False,False,False,False,False,False,True
359,1,3,1,28.0,0,0,7.8792,1,1,True,False,False,False,False,False,False,False,False,True
360,1,3,1,28.0,0,0,7.8792,1,1,True,False,False,False,False,False,False,False,False,True
361,0,3,0,40.0,1,4,27.9,6,0,False,True,False,False,False,False,False,False,False,True
362,0,2,0,29.0,1,0,27.7208,2,0,False,False,False,False,False,False,False,False,False,True
363,0,3,1,45.0,0,1,14.4542,2,0,False,False,False,False,False,False,False,False,False,True
364,0,3,0,35.0,0,0,7.05,1,1,False,True,False,False,False,False,False,False,False,True
365,0,3,0,28.0,1,0,15.5,2,0,True,False,False,False,False,False,False,False,False,True
366,0,3,0,30.0,0,0,7.25,1,1,False,True,False,False,False,False,False,False,False,True
367,1,1,1,60.0,1,0,75.25,2,0,False,False,False,False,True,False,False,False,False,False
368,1,3,1,28.0,0,0,7.2292,1,1,False,False,False,False,False,False,False,False,False,True
369,1,3,1,28.0,0,0,7.75,1,1,True,False,False,False,False,False,False,False,False,True
370,1,1,1,24.0,0,0,69.3,1,1,False,False,True,False,False,False,False,False,False,False
371,1,1,0,25.0,1,0,55.4417,2,0,False,False,False,False,False,True,False,False,False,False
372,0,3,0,18.0,1,0,6.4958,2,0,False,True,False,False,False,False,False,False,False,True
373,0,3,0,19.0,0,0,8.05,1,1,False,True,False,False,False,False,False,False,False,True
374,0,1,0,22.0,0,0,135.6333,1,1,False,False,False,False,False,False,False,False,False,True
375,0,3,1,3.0,3,1,21.075,5,0,False,True,False,False,False,False,False,False,False,True
376,1,1,1,28.0,1,0,82.1708,2,0,False,False,False,False,False,False,False,False,False,True
377,1,3,1,22.0,0,0,7.25,1,1,False,True,False,False,False,False,False,False,False,True
378,0,1,0,27.0,0,2,211.5,3,0,False,False,False,True,False,False,False,False,False,False
379,0,3,0,20.0,0,0,4.0125,1,1,False,False,False,False,False,False,False,False,False,True
380,0,3,0,19.0,0,0,7.775,1,1,False,True,False,False,False,False,False,False,False,True
381,1,1,1,42.0,0,0,227.525,1,1,False,False,False,False,False,False,False,False,False,True
382,1,3,1,1.0,0,2,15.7417,3,0,False,False,False,False,False,False,False,False,False,True
383,0,3,0,32.0,0,0,7.925,1,1,False,True,False,False,False,False,False,False,False,True
384,1,1,1,35.0,1,0,52.0,2,0,False,True,False,False,False,False,False,False,False,True
385,0,3,0,28.0,0,0,7.8958,1,1,False,True,False,False,False,False,False,False,False,True
386,0,2,0,18.0,0,0,73.5,1,1,False,True,False,False,False,False,False,False,False,True
387,0,3,0,1.0,5,2,46.9,8,0,False,True,False,False,False,False,False,False,False,True
388,1,2,1,36.0,0,0,13.0,1,1,False,True,False,False,False,False,False,False,False,True
389,0,3,0,28.0,0,0,7.7292,1,1,True,False,False,False,False,False,False,False,False,True
390,1,2,1,17.0,0,0,12.0,1,1,False,False,False,False,False,False,False,False,False,True
391,1,1,0,36.0,1,2,120.0,4,0,False,True,True,False,False,False,False,False,False,False
392,1,3,0,21.0,0,0,7.7958,1,1,False,True,False,False,False,False,False,False,False,True
393,0,3,0,28.0,2,0,7.925,3,0,False,True,False,False,False,False,False,False,False,True
394,1,1,1,23.0,1,0,113.275,2,0,False,False,False,False,True,False,False,False,False,False
395,1,3,1,24.0,0,2,16.7,3,0,False,True,False,False,False,False,False,True,False,False
396,0,3,0,22.0,0,0,7.7958,1,1,False,True,False,False,False,False,False,False,False,True
397,0,3,1,31.0,0,0,7.8542,1,1,False,True,False,False,False,False,False,False,False,True
398,0,2,0,46.0,0,0,26.0,1,1,False,True,False,False,False,False,False,False,False,True
399,0,2,0,23.0,0,0,10.5,1,1,False,True,False,False,False,False,False,False,False,True
400,1,2,1,28.0,0,0,12.65,1,1,False,True,False,False,False,False,False,False,False,True
401,1,3,0,39.0,0,0,7.925,1,1,False,True,False,False,False,False,False,False,False,True
402,0,3,0,26.0,0,0,8.05,1,1,False,True,False,False,False,False,False,False,False,True
403,0,3,1,21.0,1,0,9.825,2,0,False,True,False,False,False,False,False,False,False,True
404,0,3,0,28.0,1,0,15.85,2,0,False,True,False,False,False,False,False,False,False,True
405,0,3,1,20.0,0,0,8.6625,1,1,False,True,False,False,False,False,False,False,False,True
406,0,2,0,34.0,1,0,21.0,2,0,False,True,False,False,False,False,False,False,False,True
407,0,3,0,51.0,0,0,7.75,1,1,False,True,False,False,False,False,False,False,False,True
408,1,2,0,3.0,1,1,18.75,3,0,False,True,False,False,False,False,False,False,False,True
409,0,3,0,21.0,0,0,7.775,1,1,False,True,False,False,False,False,False,False,False,True
410,0,3,1,28.0,3,1,25.4667,5,0,False,True,False,False,False,False,False,False,False,True
411,0,3,0,28.0,0,0,7.8958,1,1,False,True,False,False,False,False,False,False,False,True
412,0,3,0,28.0,0,0,6.8583,1,1,True,False,False,False,False,False,False,False,False,True
413,1,1,1,33.0,1,0,90.0,2,0,True,False,False,True,False,False,False,False,False,False
414,0,2,0,28.0,0,0,0.0,1,1,False,True,False,False,False,False,False,False,False,True
415,1,3,0,44.0,0,0,7.925,1,1,False,True,False,False,False,False,False,False,False,True
416,0,3,1,28.0,0,0,8.05,1,1,False,True,False,False,False,False,False,False,False,True
417,1,2,1,34.0,1,1,32.5,3,0,False,True,False,False,False,False,False,False,False,True
418,1,2,1,18.0,0,2,13.0,3,0,False,True,False,False,False,False,False,False,False,True
419,0,2,0,30.0,0,0,13.0,1,1,False,True,False,False,False,False,False,False,False,True
420,0,3,1,10.0,0,2,24.15,3,0,False,True,False,False,False,False,False,False,False,True
421,0,3,0,28.0,0,0,7.8958,1,1,False,False,False,False,False,False,False,False,False,True
422,0,3,0,21.0,0,0,7.7333,1,1,True,False,False,False,False,False,False,False,False,True
423,0,3,0,29.0,0,0,7.875,1,1,False,True,False,False,False,False,False,False,False,True
424,0,3,1,28.0,1,1,14.4,3,0,False,True,False,False,False,False,False,False,False,True
425,0,3,0,18.0,1,1,20.2125,3,0,False,True,False,False,False,False,False,False,False,True
426,0,3,0,28.0,0,0,7.25,1,1,False,True,False,False,False,False,False,False,False,True
427,1,2,1,28.0,1,0,26.0,2,0,False,True,False,False,False,False,False,False,False,True
428,1,2,1,19.0,0,0,26.0,1,1,False,True,False,False,False,False,False,False,False,True
429,0,3,0,28.0,0,0,7.75,1,1,True,False,False,False,False,False,False,False,False,True
430,1,3,0,32.0,0,0,8.05,1,1,False,True,False,False,False,True,False,False,False,False
431,1,1,0,28.0,0,0,26.55,1,1,False,True,False,True,False,False,False,False,False,False
432,1,3,1,28.0,1,0,16.1,2,0,False,True,False,False,False,False,False,False,False,True
433,1,2,1,42.0,1,0,26.0,2,0,False,True,False,False,False,False,False,False,False,True
434,0,3,0,17.0,0,0,7.125,1,1,False,True,False,False,False,False,False,False,False,True
435,0,1,0,50.0,1,0,55.9,2,0,False,True,False,False,False,True,False,False,False,False
436,1,1,1,14.0,1,2,120.0,4,0,False,True,True,False,False,False,False,False,False,False
437,0,3,1,21.0,2,2,34.375,5,0,False,True,False,False,False,False,False,False,False,True
438,1,2,1,24.0,2,3,18.75,6,0,False,True,False,False,False,False,False,False,False,True
439,0,1,0,64.0,1,4,263.0,6,0,False,True,False,True,False,False,False,False,False,False
440,0,2,0,31.0,0,0,10.5,1,1,False,True,False,False,False,False,False,False,False,True
441,1,2,1,45.0,1,1,26.25,3,0,False,True,False,False,False,False,False,False,False,True
442,0,3,0,20.0,0,0,9.5,1,1,False,True,False,False,False,False,False,False,False,True
443,0,3,0,25.0,1,0,7.775,2,0,False,True,False,False,False,False,False,False,False,True
444,1,2,1,28.0,0,0,13.0,1,1,False,True,False,False,False,False,False,False,False,True
445,1,3,0,28.0,0,0,8.1125,1,1,False,True,False,False,False,False,False,False,False,True
446,1,1,0,4.0,0,2,81.8583,3,0,False,True,False,False,False,False,False,False,False,False
447,1,2,1,13.0,0,1,19.5,2,0,False,True,False,False,False,False,False,False,False,True
448,1,1,0,34.0,0,0,26.55,1,1,False,True,False,False,False,False,False,False,False,True
449,1,3,1,5.0,2,1,19.2583,4,0,False,False,False,False,False,False,False,False,False,True
450,1,1,0,52.0,0,0,30.5,1,1,False,True,False,True,False,False,False,False,False,False
451,0,2,0,36.0,1,2,27.75,4,0,False,True,False,False,False,False,False,False,False,True
452,0,3,0,28.0,1,0,19.9667,2,0,False,True,False,False,False,False,False,False,False,True
453,0,1,0,30.0,0,0,27.75,1,1,False,False,False,True,False,False,False,False,False,False
454,1,1,0,49.0,1,0,89.1042,2,0,False,False,False,True,False,False,False,False,False,False
455,0,3,0,28.0,0,0,8.05,1,1,False,True,False,False,False,False,False,False,False,True
456,1,3,0,29.0,0,0,7.8958,1,1,False,False,False,False,False,False,False,False,False,True
457,0,1,0,65.0,0,0,26.55,1,1,False,True,False,False,False,True,False,False,False,False
458,1,1,1,28.0,1,0,51.8625,2,0,False,True,False,False,True,False,False,False,False,False
459,1,2,1,50.0,0,0,10.5,1,1,False,True,False,False,False,False,False,False,False,True
460,0,3,0,28.0,0,0,7.75,1,1,True,False,False,False,False,False,False,False,False,True
461,1,1,0,48.0,0,0,26.55,1,1,False,True,False,False,False,True,False,False,False,False
462,0,3,0,34.0,0,0,8.05,1,1,False,True,False,False,False,False,False,False,False,True
463,0,1,0,47.0,0,0,38.5,1,1,False,True,False,False,False,True,False,False,False,False
464,0,2,0,48.0,0,0,13.0,1,1,False,True,False,False,False,False,False,False,False,True
465,0,3,0,28.0,0,0,8.05,1,1,False,True,False,False,False,False,False,False,False,True
466,0,3,0,38.0,0,0,7.05,1,1,False,True,False,False,False,False,False,False,False,True
467,0,2,0,28.0,0,0,0.0,1,1,False,True,False,False,False,False,False,False,False,True
468,0,1,0,56.0,0,0,26.55,1,1,False,True,False,False,False,False,False,False,False,True
469,0,3,0,28.0,0,0,7.725,1,1,True,False,False,False,False,False,False,False,False,True
470,1,3,1,0.75,2,1,19.2583,4,0,False,False,False,False,False,False,False,False,False,True
471,0,3,0,28.0,0,0,7.25,1,1,False,True,False,False,False,False,False,False,False,True
472,0,3,0,38.0,0,0,8.6625,1,1,False,True,False,False,False,False,False,False,False,True
473,1,2,1,33.0,1,2,27.75,4,0,False,True,False,False,False,False,False,False,False,True
474,1,2,1,23.0,0,0,13.7917,1,1,False,False,False,False,True,False,False,False,False,False
475,0,3,1,22.0,0,0,9.8375,1,1,False,True,False,False,False,False,False,False,False,True
476,0,1,0,28.0,0,0,52.0,1,1,False,True,False,False,False,False,False,False,False,False
477,0,2,0,34.0,1,0,21.0,2,0,False,True,False,False,False,False,False,False,False,True
478,0,3,0,29.0,1,0,7.0458,2,0,False,True,False,False,False,False,False,False,False,True
479,0,3,0,22.0,0,0,7.5208,1,1,False,True,False,False,False,False,False,False,False,True
480,1,3,1,2.0,0,1,12.2875,2,0,False,True,False,False,False,False,False,False,False,True
481,0,3,0,9.0,5,2,46.9,8,0,False,True,False,False,False,False,False,False,False,True
482,0,2,0,28.0,0,0,0.0,1,1,False,True,False,False,False,False,False,False,False,True
483,0,3,0,50.0,0,0,8.05,1,1,False,True,False,False,False,False,False,False,False,True
484,1,3,1,63.0,0,0,9.5875,1,1,False,True,False,False,False,False,False,False,False,True
485,1,1,0,25.0,1,0,91.0792,2,0,False,False,True,False,False,False,False,False,False,False
486,0,3,1,28.0,3,1,25.4667,5,0,False,True,False,False,False,False,False,False,False,True
487,1,1,1,35.0,1,0,90.0,2,0,False,True,False,True,False,False,False,False,False,False
488,0,1,0,58.0,0,0,29.7,1,1,False,False,True,False,False,False,False,False,False,False
489,0,3,0,30.0,0,0,8.05,1,1,False,True,False,False,False,False,False,False,False,True
490,1,3,0,9.0,1,1,15.9,3,0,False,True,False,False,False,False,False,False,False,True
491,0,3,0,28.0,1,0,19.9667,2,0,False,True,False,False,False,False,False,False,False,True
492,0,3,0,21.0,0,0,7.25,1,1,False,True,False,False,False,False,False,False,False,True
493,0,1,0,55.0,0,0,30.5,1,1,False,True,False,True,False,False,False,False,False,False
494,0,1,0,71.0,0,0,49.5042,1,1,False,False,False,False,False,False,False,False,False,True
495,0,3,0,21.0,0,0,8.05,1,1,False,True,False,False,False,False,False,False,False,True
496,0,3,0,28.0,0,0,14.4583,1,1,False,False,False,False,False,False,False,False,False,True
497,1,1,1,54.0,1,0,78.2667,2,0,False,False,False,False,True,False,False,False,False,False
498,0,3,0,28.0,0,0,15.1,1,1,False,True,False,False,False,False,False,False,False,True
499,0,1,1,25.0,1,2,151.55,4,0,False,True,False,True,False,False,False,False,False,False
500,0,3,0,24.0,0,0,7.7958,1,1,False,True,False,False,False,False,False,False,False,True
501,0,3,0,17.0,0,0,8.6625,1,1,False,True,False,False,False,False,False,False,False,True
502,0,3,1,21.0,0,0,7.75,1,1,True,False,False,False,False,False,False,False,False,True
503,0,3,1,28.0,0,0,7.6292,1,1,True,False,False,False,False,False,False,False,False,True
504,0,3,1,37.0,0,0,9.5875,1,1,False,True,False,False,False,False,False,False,False,True
505,1,1,1,16.0,0,0,86.5,1,1,False,True,True,False,False,False,False,False,False,False
506,0,1,0,18.0,1,0,108.9,2,0,False,False,False,True,False,False,False,False,False,False
507,1,2,1,33.0,0,2,26.0,3,0,False,True,False,False,False,False,False,False,False,True
508,1,1,0,28.0,0,0,26.55,1,1,False,True,False,False,False,False,False,False,False,True
509,0,3,0,28.0,0,0,22.525,1,1,False,True,False,False,False,False,False,False,False,True
510,1,3,0,26.0,0,0,56.4958,1,1,False,True,False,False,False,False,False,False,False,True
511,1,3,0,29.0,0,0,7.75,1,1,True,False,False,False,False,False,False,False,False,True
512,0,3,0,28.0,0,0,8.05,1,1,False,True,False,False,False,False,False,False,False,True
513,1,1,0,36.0,0,0,26.2875,1,1,False,True,False,False,False,True,False,False,False,False
514,1,1,1,54.0,1,0,59.4,2,0,False,False,False,False,False,False,False,False,False,True
515,0,3,0,24.0,0,0,7.4958,1,1,False,True,False,False,False,False,False,False,False,True
516,0,1,0,47.0,0,0,34.0208,1,1,False,True,False,False,True,False,False,False,False,False
517,1,2,1,34.0,0,0,10.5,1,1,False,True,False,False,False,False,True,False,False,False
518,0,3,0,28.0,0,0,24.15,1,1,True,False,False,False,False,False,False,False,False,True
519,1,2,1,36.0,1,0,26.0,2,0,False,True,False,False,False,False,False,False,False,True
520,0,3,0,32.0,0,0,7.8958,1,1,False,True,False,False,False,False,False,False,False,True
521,1,1,1,30.0,0,0,93.5,1,1,False,True,True,False,False,False,False,False,False,False
522,0,3,0,22.0,0,0,7.8958,1,1,False,True,False,False,False,False,False,False,False,True
523,0,3,0,28.0,0,0,7.225,1,1,False,False,False,False,False,False,False,False,False,True
524,1,1,1,44.0,0,1,57.9792,2,0,False,False,True,False,False,False,False,False,False,False
525,0,3,0,28.0,0,0,7.2292,1,1,False,False,False,False,False,False,False,False,False,True
526,0,3,0,40.5,0,0,7.75,1,1,True,False,False,False,False,False,False,False,False,True
527,1,2,1,50.0,0,0,10.5,1,1,False,True,False,False,False,False,False,False,False,True
528,0,1,0,28.0,0,0,221.7792,1,1,False,True,False,True,False,False,False,False,False,False
529,0,3,0,39.0,0,0,7.925,1,1,False,True,False,False,False,False,False,False,False,True
530,0,2,0,23.0,2,1,11.5,4,0,False,True,False,False,False,False,False,False,False,True
531,1,2,1,2.0,1,1,26.0,3,0,False,True,False,False,False,False,False,False,False,True
532,0,3,0,28.0,0,0,7.2292,1,1,False,False,False,False,False,False,False,False,False,True
533,0,3,0,17.0,1,1,7.2292,3,0,False,False,False,False,False,False,False,False,False,True
534,1,3,1,28.0,0,2,22.3583,3,0,False,False,False,False,False,False,False,False,False,True
535,0,3,1,30.0,0,0,8.6625,1,1,False,True,False,False,False,False,False,False,False,True
536,1,2,1,7.0,0,2,26.25,3,0,False,True,False,False,False,False,False,False,False,True
537,0,1,0,45.0,0,0,26.55,1,1,False,True,True,False,False,False,False,False,False,False
538,1,1,1,30.0,0,0,106.425,1,1,False,False,False,False,False,False,False,False,False,True
539,0,3,0,28.0,0,0,14.5,1,1,False,True,False,False,False,False,False,False,False,True
540,1,1,1,22.0,0,2,49.5,3,0,False,False,True,False,False,False,False,False,False,False
541,1,1,1,36.0,0,2,71.0,3,0,False,True,True,False,False,False,False,False,False,False
542,0,3,1,9.0,4,2,31.275,7,0,False,True,False,False,False,False,False,False,False,True
543,0,3,1,11.0,4,2,31.275,7,0,False,True,False,False,False,False,False,False,False,True
544,1,2,0,32.0,1,0,26.0,2,0,False,True,False,False,False,False,False,False,False,True
545,0,1,0,50.0,1,0,106.425,2,0,False,False,False,True,False,False,False,False,False,False
546,0,1,0,64.0,0,0,26.0,1,1,False,True,False,False,False,False,False,False,False,True
547,1,2,1,19.0,1,0,26.0,2,0,False,True,False,False,False,False,False,False,False,True
548,1,2,0,28.0,0,0,13.8625,1,1,False,False,False,False,False,False,False,False,False,True
549,0,3,0,33.0,1,1,20.525,3,0,False,True,False,False,False,False,False,False,False,True
550,1,2,0,8.0,1,1,36.75,3,0,False,True,False,False,False,False,False,False,False,True
551,1,1,0,17.0,0,2,110.8833,3,0,False,False,False,True,False,False,False,False,False,False
552,0,2,0,27.0,0,0,26.0,1,1,False,True,False,False,False,False,False,False,False,True
553,0,3,0,28.0,0,0,7.8292,1,1,True,False,False,False,False,False,False,False,False,True
554,1,3,0,22.0,0,0,7.225,1,1,False,False,False,False,False,False,False,False,False,True
555,1,3,1,22.0,0,0,7.775,1,1,False,True,False,False,False,False,False,False,False,True
556,0,1,0,62.0,0,0,26.55,1,1,False,True,False,False,False,False,False,False,False,True
557,1,1,1,48.0,1,0,39.6,2,0,False,False,False,False,False,False,False,False,False,False
558,0,1,0,28.0,0,0,227.525,1,1,False,False,False,False,False,False,False,False,False,True
559,1,1,1,39.0,1,1,79.65,3,0,False,True,False,False,False,True,False,False,False,False
560,1,3,1,36.0,1,0,17.4,2,0,False,True,False,False,False,False,False,False,False,True
561,0,3,0,28.0,0,0,7.75,1,1,True,False,False,False,False,False,False,False,False,True
562,0,3,0,40.0,0,0,7.8958,1,1,False,True,False,False,False,False,False,False,False,True
563,0,2,0,28.0,0,0,13.5,1,1,False,True,False,False,False,False,False,False,False,True
564,0,3,0,28.0,0,0,8.05,1,1,False,True,False,False,False,False,False,False,False,True
565,0,3,1,28.0,0,0,8.05,1,1,False,True,False,False,False,False,False,False,False,True
566,0,3,0,24.0,2,0,24.15,3,0,False,True,False,False,False,False,False,False,False,True
567,0,3,0,19.0,0,0,7.8958,1,1,False,True,False,False,False,False,False,False,False,True
568,0,3,1,29.0,0,4,21.075,5,0,False,True,False,False,False,False,False,False,False,True
569,0,3,0,28.0,0,0,7.2292,1,1,False,False,False,False,False,False,False,False,False,True
570,1,3,0,32.0,0,0,7.8542,1,1,False,True,False,False,False,False,False,False,False,True
571,1,2,0,62.0,0,0,10.5,1,1,False,True,False,False,False,False,False,False,False,True
572,1,1,1,53.0,2,0,51.4792,3,0,False,True,False,True,False,False,False,False,False,False
573,1,1,0,36.0,0,0,26.3875,1,1,False,True,False,False,False,True,False,False,False,False
574,1,3,1,28.0,0,0,7.75,1,1,True,False,False,False,False,False,False,False,False,True
575,0,3,0,16.0,0,0,8.05,1,1,False,True,False,False,False,False,False,False,False,True
576,0,3,0,19.0,0,0,14.5,1,1,False,True,False,False,False,False,False,False,False,True
577,1,2,1,34.0,0,0,13.0,1,1,False,True,False,False,False,False,False,False,False,True
578,1,1,1,39.0,1,0,55.9,2,0,False,True,False,False,False,True,False,False,False,False
579,0,3,1,28.0,1,0,14.4583,2,0,False,False,False,False,False,False,False,False,False,True
580,1,3,0,32.0,0,0,7.925,1,1,False,True,False,False,False,False,False,False,False,True
581,1,2,1,25.0,1,1,30.0,3,0,False,True,False,False,False,False,False,False,False,True
582,1,1,1,39.0,1,1,110.8833,3,0,False,False,False,True,False,False,False,False,False,False
583,0,2,0,54.0,0,0,26.0,1,1,False,True,False,False,False,False,False,False,False,True
584,0,1,0,36.0,0,0,40.125,1,1,False,False,False,False,False,False,False,False,False,False
585,0,3,0,28.0,0,0,8.7125,1,1,False,False,False,False,False,False,False,False,False,True
586,1,1,1,18.0,0,2,79.65,3,0,False,True,False,False,False,True,False,False,False,False
587,0,2,0,47.0,0,0,15.0,1,1,False,True,False,False,False,False,False,False,False,True
588,1,1,0,60.0,1,1,79.2,3,0,False,False,True,False,False,False,False,False,False,False
589,0,3,0,22.0,0,0,8.05,1,1,False,True,False,False,False,False,False,False,False,True
590,0,3,0,28.0,0,0,8.05,1,1,False,True,False,False,False,False,False,False,False,True
591,0,3,0,35.0,0,0,7.125,1,1,False,True,False,False,False,False,False,False,False,True
592,1,1,1,52.0,1,0,78.2667,2,0,False,False,False,False,True,False,False,False,False,False
593,0,3,0,47.0,0,0,7.25,1,1,False,True,False,False,False,False,False,False,False,True
594,0,3,1,28.0,0,2,7.75,3,0,True,False,False,False,False,False,False,False,False,True
595,0,2,0,37.0,1,0,26.0,2,0,False,True,False,False,False,False,False,False,False,True
596,0,3,0,36.0,1,1,24.15,3,0,False,True,False,False,False,False,False,False,False,True
597,1,2,1,28.0,0,0,33.0,1,1,False,True,False,False,False,False,False,False,False,True
598,0,3,0,49.0,0,0,0.0,1,1,False,True,False,False,False,False,False,False,False,True
599,0,3,0,28.0,0,0,7.225,1,1,False,False,False,False,False,False,False,False,False,True
600,1,1,0,49.0,1,0,56.9292,2,0,False,False,False,False,False,False,False,False,False,False
601,1,2,1,24.0,2,1,27.0,4,0,False,True,False,False,False,False,False,False,False,True
602,0,3,0,28.0,0,0,7.8958,1,1,False,True,False,False,False,False,False,False,False,True
603,0,1,0,28.0,0,0,42.4,1,1,False,True,False,False,False,False,False,False,False,True
604,0,3,0,44.0,0,0,8.05,1,1,False,True,False,False,False,False,False,False,False,True
605,1,1,0,35.0,0,0,26.55,1,1,False,False,False,False,False,False,False,False,False,True
606,0,3,0,36.0,1,0,15.55,2,0,False,True,False,False,False,False,False,False,False,True
607,0,3,0,30.0,0,0,7.8958,1,1,False,True,False,False,False,False,False,False,False,True
608,1,1,0,27.0,0,0,30.5,1,1,False,True,False,False,False,False,False,False,False,True
609,1,2,1,22.0,1,2,41.5792,4,0,False,False,False,False,False,False,False,False,False,True
610,1,1,1,40.0,0,0,153.4625,1,1,False,True,False,True,False,False,False,False,False,False
611,0,3,1,39.0,1,5,31.275,7,0,False,True,False,False,False,False,False,False,False,True
612,0,3,0,28.0,0,0,7.05,1,1,False,True,False,False,False,False,False,False,False,True
613,1,3,1,28.0,1,0,15.5,2,0,True,False,False,False,False,False,False,False,False,True
614,0,3,0,28.0,0,0,7.75,1,1,True,False,False,False,False,False,False,False,False,True
615,0,3,0,35.0,0,0,8.05,1,1,False,True,False,False,False,False,False,False,False,True
616,1,2,1,24.0,1,2,65.0,4,0,False,True,False,False,False,False,False,False,False,True
617,0,3,0,34.0,1,1,14.4,3,0,False,True,False,False,False,False,False,False,False,True
618,0,3,1,26.0,1,0,16.1,2,0,False,True,False,False,False,False,False,False,False,True
619,1,2,1,4.0,2,1,39.0,4,0,False,True,False,False,False,False,True,False,False,False
620,0,2,0,26.0,0,0,10.5,1,1,False,True,False,False,False,False,False,False,False,True
621,0,3,0,27.0,1,0,14.4542,2,0,False,False,False,False,False,False,False,False,False,True
622,1,1,0,42.0,1,0,52.5542,2,0,False,True,False,False,True,False,False,False,False,False
623,1,3,0,20.0,1,1,15.7417,3,0,False,False,False,False,False,False,False,False,False,True
624,0,3,0,21.0,0,0,7.8542,1,1,False,True,False,False,False,False,False,False,False,True
625,0,3,0,21.0,0,0,16.1,1,1,False,True,False,False,False,False,False,False,False,True
626,0,1,0,61.0,0,0,32.3208,1,1,False,True,False,False,True,False,False,False,False,False
627,0,2,0,57.0,0,0,12.35,1,1,True,False,False,False,False,False,False,False,False,True
628,1,1,1,21.0,0,0,77.9583,1,1,False,True,False,False,True,False,False,False,False,False
629,0,3,0,26.0,0,0,7.8958,1,1,False,True,False,False,False,False,False,False,False,True
630,0,3,0,28.0,0,0,7.7333,1,1,True,False,False,False,False,False,False,False,False,True
631,1,1,0,80.0,0,0,30.0,1,1,False,True,False,False,False,False,False,False,False,False
632,0,3,0,51.0,0,0,7.0542,1,1,False,True,False,False,False,False,False,False,False,True
633,1,1,0,32.0,0,0,30.5,1,1,False,False,True,False,False,False,False,False,False,False
634,0,1,0,28.0,0,0,0.0,1,1,False,True,False,False,False,False,False,False,False,True
635,0,3,1,9.0,3,2,27.9,6,0,False,True,False,False,False,False,False,False,False,True
636,1,2,1,28.0,0,0,13.0,1,1,False,True,False,False,False,False,False,False,False,True
637,0,3,0,32.0,0,0,7.925,1,1,False,True,False,False,False,False,False,False,False,True
638,0,2,0,31.0,1,1,26.25,3,0,False,True,False,False,False,False,False,False,False,True
639,0,3,1,41.0,0,5,39.6875,6,0,False,True,False,False,False,False,False,False,False,True
640,0,3,0,28.0,1,0,16.1,2,0,False,True,False,False,False,False,False,False,False,True
641,0,3,0,20.0,0,0,7.8542,1,1,False,True,False,False,False,False,False,False,False,True
642,1,1,1,24.0,0,0,69.3,1,1,False,False,True,False,False,False,False,False,False,False
643,0,3,1,2.0,3,2,27.9,6,0,False,True,False,False,False,False,False,False,False,True
644,1,3,0,28.0,0,0,56.4958,1,1,False,True,False,False,False,False,False,False,False,True
645,1,3,1,0.75,2,1,19.2583,4,0,False,False,False,False,False,False,False,False,False,True
646,1,1,0,48.0,1,0,76.7292,2,0,False,False,False,False,True,False,False,False,False,False
647,0,3,0,19.0,0,0,7.8958,1,1,False,True,False,False,False,False,False,False,False,True
648,1,1,0,56.0,0,0,35.5,1,1,False,False,False,False,False,False,False,False,False,False
649,0,3,0,28.0,0,0,7.55,1,1,False,True,False,False,False,False,False,False,False,True
650,1,3,1,23.0,0,0,7.55,1,1,False,True,False,False,False,False,False,False,False,True
651,0,3,0,28.0,0,0,7.8958,1,1,False,True,False,False,False,False,False,False,False,True
652,1,2,1,18.0,0,1,23.0,2,0,False,True,False,False,False,False,False,False,False,True
653,0,3,0,21.0,0,0,8.4333,1,1,False,True,False,False,False,False,False,False,False,True
654,1,3,1,28.0,0,0,7.8292,1,1,True,False,False,False,False,False,False,False,False,True
655,0,3,1,18.0,0,0,6.75,1,1,True,False,False,False,False,False,False,False,False,True
656,0,2,0,24.0,2,0,73.5,3,0,False,True,False,False,False,False,False,False,False,True
657,0,3,0,28.0,0,0,7.8958,1,1,False,True,False,False,False,False,False,False,False,True
658,0,3,1,32.0,1,1,15.5,3,0,True,False,False,False,False,False,False,False,False,True
659,0,2,0,23.0,0,0,13.0,1,1,False,True,False,False,False,False,False,False,False,True
660,0,1,0,58.0,0,2,113.275,3,0,False,False,False,False,True,False,False,False,False,False
661,1,1,0,50.0,2,0,133.65,3,0,False,True,False,False,False,False,False,False,False,True
662,0,3,0,40.0,0,0,7.225,1,1,False,False,False,False,False,False,False,False,False,True
663,0,1,0,47.0,0,0,25.5875,1,1,False,True,False,False,False,True,False,False,False,False
664,0,3,0,36.0,0,0,7.4958,1,1,False,True,False,False,False,False,False,False,False,True
665,1,3,0,20.0,1,0,7.925,2,0,False,True,False,False,False,False,False,False,False,True
666,0,2,0,32.0,2,0,73.5,3,0,False,True,False,False,False,False,False,False,False,True
667,0,2,0,25.0,0,0,13.0,1,1,False,True,False,False,False,False,False,False,False,True
668,0,3,0,28.0,0,0,7.775,1,1,False,True,False,False,False,False,False,False,False,True
669,0,3,0,43.0,0,0,8.05,1,1,False,True,False,False,False,False,False,False,False,True
670,1,1,1,28.0,1,0,52.0,2,0,False,True,False,True,False,False,False,False,False,False
671,1,2,1,40.0,1,1,39.0,3,0,False,True,False,False,False,False,False,False,False,True
672,0,1,0,31.0,1,0,52.0,2,0,False,True,True,False,False,False,False,False,False,False
673,0,2,0,70.0,0,0,10.5,1,1,False,True,False,False,False,False,False,False,False,True
674,1,2,0,31.0,0,0,13.0,1,1,False,True,False,False,False,False,False,False,False,True
675,0,2,0,28.0,0,0,0.0,1,1,False,True,False,False,False,False,False,False,False,True
676,0,3,0,18.0,0,0,7.775,1,1,False,True,False,False,False,False,False,False,False,True
677,0,3,0,24.5,0,0,8.05,1,1,False,True,False,False,False,False,False,False,False,True
678,1,3,1,18.0,0,0,9.8417,1,1,False,True,False,False,False,False,False,False,False,True
679,0,3,1,43.0,1,6,46.9,8,0,False,True,False,False,False,False,False,False,False,True
680,1,1,0,36.0,0,1,512.3292,2,0,False,False,True,False,False,False,False,False,False,False
681,0,3,1,28.0,0,0,8.1375,1,1,True,False,False,False,False,False,False,False,False,True
682,1,1,0,27.0,0,0,76.7292,1,1,False,False,False,False,True,False,False,False,False,False
683,0,3,0,20.0,0,0,9.225,1,1,False,True,False,False,False,False,False,False,False,True
684,0,3,0,14.0,5,2,46.9,8,0,False,True,False,False,False,False,False,False,False,True
685,0,2,0,60.0,1,1,39.0,3,0,False,True,False,False,False,False,False,False,False,True
686,0,2,0,25.0,1,2,41.5792,4,0,False,False,False,False,False,False,False,False,False,True
687,0,3,0,14.0,4,1,39.6875,6,0,False,True,False,False,False,False,False,False,False,True
688,0,3,0,19.0,0,0,10.1708,1,1,False,True,False,False,False,False,False,False,False,True
689,0,3,0,18.0,0,0,7.7958,1,1,False,True,False,False,False,False,False,False,False,True
690,1,1,1,15.0,0,1,211.3375,2,0,False,True,True,False,False,False,False,False,False,False
691,1,1,0,31.0,1,0,57.0,2,0,False,True,True,False,False,False,False,False,False,False
692,1,3,1,4.0,0,1,13.4167,2,0,False,False,False,False,False,False,False,False,False,True
693,1,3,0,28.0,0,0,56.4958,1,1,False,True,False,False,False,False,False,False,False,True
694,0,3,0,25.0,0,0,7.225,1,1,False,False,False,False,False,False,False,False,False,True
695,0,1,0,60.0,0,0,26.55,1,1,False,True,False,False,False,False,False,False,False,True
696,0,2,0,52.0,0,0,13.5,1,1,False,True,False,False,False,False,False,False,False,True
697,0,3,0,44.0,0,0,8.05,1,1,False,True,False,False,False,False,False,False,False,True
698,1,3,1,28.0,0,0,7.7333,1,1,True,False,False,False,False,False,False,False,False,True
699,0,1,0,49.0,1,1,110.8833,3,0,False,False,False,True,False,False,False,False,False,False
700,0,3,0,42.0,0,0,7.65,1,1,False,True,False,False,False,False,True,False,False,False
701,1,1,1,18.0,1,0,227.525,2,0,False,False,False,True,False,False,False,False,False,False
702,1,1,0,35.0,0,0,26.2875,1,1,False,True,False,False,False,True,False,False,False,False
703,0,3,1,18.0,0,1,14.4542,2,0,False,False,False,False,False,False,False,False,False,True
704,0,3,0,25.0,0,0,7.7417,1,1,True,False,False,False,False,False,False,False,False,True
705,0,3,0,26.0,1,0,7.8542,2,0,False,True,False,False,False,False,False,False,False,True
706,0,2,0,39.0,0,0,26.0,1,1,False,True,False,False,False,False,False,False,False,True
707,1,2,1,45.0,0,0,13.5,1,1,False,True,False,False,False,False,False,False,False,True
708,1,1,0,42.0,0,0,26.2875,1,1,False,True,False,False,False,True,False,False,False,False
709,1,1,1,22.0,0,0,151.55,1,1,False,True,False,False,False,False,False,False,False,True
710,1,3,0,28.0,1,1,15.2458,3,0,False,False,False,False,False,False,False,False,False,True
711,1,1,1,24.0,0,0,49.5042,1,1,False,False,False,True,False,False,False,False,False,False
712,0,1,0,28.0,0,0,26.55,1,1,False,True,False,True,False,False,False,False,False,False
713,1,1,0,48.0,1,0,52.0,2,0,False,True,False,True,False,False,False,False,False,False
714,0,3,0,29.0,0,0,9.4833,1,1,False,True,False,False,False,False,False,False,False,True
715,0,2,0,52.0,0,0,13.0,1,1,False,True,False,False,False,False,False,False,False,True
716,0,3,0,19.0,0,0,7.65,1,1,False,True,False,False,False,False,True,False,False,False
717,1,1,1,38.0,0,0,227.525,1,1,False,False,False,True,False,False,False,False,False,False
718,1,2,1,27.0,0,0,10.5,1,1,False,True,False,False,False,True,False,False,False,False
719,0,3,0,28.0,0,0,15.5,1,1,True,False,False,False,False,False,False,False,False,True
720,0,3,0,33.0,0,0,7.775,1,1,False,True,False,False,False,False,False,False,False,True
721,1,2,1,6.0,0,1,33.0,2,0,False,True,False,False,False,False,False,False,False,True
722,0,3,0,17.0,1,0,7.0542,2,0,False,True,False,False,False,False,False,False,False,True
723,0,2,0,34.0,0,0,13.0,1,1,False,True,False,False,False,False,False,False,False,True
724,0,2,0,50.0,0,0,13.0,1,1,False,True,False,False,False,False,False,False,False,True
725,1,1,0,27.0,1,0,53.1,2,0,False,True,False,False,False,True,False,False,False,False
726,0,3,0,20.0,0,0,8.6625,1,1,False,True,False,False,False,False,False,False,False,True
727,1,2,1,30.0,3,0,21.0,4,0,False,True,False,False,False,False,False,False,False,True
728,1,3,1,28.0,0,0,7.7375,1,1,True,False,False,False,False,False,False,False,False,True
729,0,2,0,25.0,1,0,26.0,2,0,False,True,False,False,False,False,False,False,False,True
730,0,3,1,25.0,1,0,7.925,2,0,False,True,False,False,False,False,False,False,False,True
731,1,1,1,29.0,0,0,211.3375,1,1,False,True,True,False,False,False,False,False,False,False
732,0,3,0,11.0,0,0,18.7875,1,1,False,False,False,False,False,False,False,False,False,True
733,0,2,0,28.0,0,0,0.0,1,1,False,True,False,False,False,False,False,False,False,True
734,0,2,0,23.0,0,0,13.0,1,1,False,True,False,False,False,False,False,False,False,True
735,0,2,0,23.0,0,0,13.0,1,1,False,True,False,False,False,False,False,False,False,True
736,0,3,0,28.5,0,0,16.1,1,1,False,True,False,False,False,False,False,False,False,True
737,0,3,1,48.0,1,3,34.375,5,0,False,True,False,False,False,False,False,False,False,True
738,1,1,0,35.0,0,0,512.3292,1,1,False,False,True,False,False,False,False,False,False,False
739,0,3,0,28.0,0,0,7.8958,1,1,False,True,False,False,False,False,False,False,False,True
740,0,3,0,28.0,0,0,7.8958,1,1,False,True,False,False,False,False,False,False,False,True
741,1,1,0,28.0,0,0,30.0,1,1,False,True,False,False,True,False,False,False,False,False
742,0,1,0,36.0,1,0,78.85,2,0,False,True,False,True,False,False,False,False,False,False
743,1,1,1,21.0,2,2,262.375,5,0,False,False,True,False,False,False,False,False,False,False
744,0,3,0,24.0,1,0,16.1,2,0,False,True,False,False,False,False,False,False,False,True
745,1,3,0,31.0,0,0,7.925,1,1,False,True,False,False,False,False,False,False,False,True
746,0,1,0,70.0,1,1,71.0,3,0,False,True,True,False,False,False,False,False,False,False
747,0,3,0,16.0,1,1,20.25,3,0,False,True,False,False,False,False,False,False,False,True
748,1,2,1,30.0,0,0,13.0,1,1,False,True,False,False,False,False,False,False,False,True
749,0,1,0,19.0,1,0,53.1,2,0,False,True,False,False,True,False,False,False,False,False
750,0,3,0,31.0,0,0,7.75,1,1,True,False,False,False,False,False,False,False,False,True
751,1,2,1,4.0,1,1,23.0,3,0,False,True,False,False,False,False,False,False,False,True
752,1,3,0,6.0,0,1,12.475,2,0,False,True,False,False,False,True,False,False,False,False
753,0,3,0,33.0,0,0,9.5,1,1,False,True,False,False,False,False,False,False,False,True
754,0,3,0,23.0,0,0,7.8958,1,1,False,True,False,False,False,False,False,False,False,True
755,1,2,1,48.0,1,2,65.0,4,0,False,True,False,False,False,False,False,False,False,True
756,1,2,0,0.67,1,1,14.5,3,0,False,True,False,False,False,False,False,False,False,True
757,0,3,0,28.0,0,0,7.7958,1,1,False,True,False,False,False,False,False,False,False,True
758,0,2,0,18.0,0,0,11.5,1,1,False,True,False,False,False,False,False,False,False,True
759,0,3,0,34.0,0,0,8.05,1,1,False,True,False,False,False,False,False,False,False,True
760,1,1,1,33.0,0,0,86.5,1,1,False,True,True,False,False,False,False,False,False,False
761,0,3,0,28.0,0,0,14.5,1,1,False,True,False,False,False,False,False,False,False,True
762,0,3,0,41.0,0,0,7.125,1,1,False,True,False,False,False,False,False,False,False,True
763,1,3,0,20.0,0,0,7.2292,1,1,False,False,False,False,False,False,False,False,False,True
764,1,1,1,36.0,1,2,120.0,4,0,False,True,True,False,False,False,False,False,False,False
765,0,3,0,16.0,0,0,7.775,1,1,False,True,False,False,False,False,False,False,False,True
766,1,1,1,51.0,1,0,77.9583,2,0,False,True,False,False,True,False,False,False,False,False
767,0,1,0,28.0,0,0,39.6,1,1,False,False,False,False,False,False,False,False,False,True
768,0,3,1,30.5,0,0,7.75,1,1,True,False,False,False,False,False,False,False,False,True
769,0,3,0,28.0,1,0,24.15,2,0,True,False,False,False,False,False,False,False,False,True
770,0,3,0,32.0,0,0,8.3625,1,1,False,True,False,False,False,False,False,False,False,True
771,0,3,0,24.0,0,0,9.5,1,1,False,True,False,False,False,False,False,False,False,True
772,0,3,0,48.0,0,0,7.8542,1,1,False,True,False,False,False,False,False,False,False,True
773,0,2,1,57.0,0,0,10.5,1,1,False,True,False,False,False,True,False,False,False,False
774,0,3,0,28.0,0,0,7.225,1,1,False,False,False,False,False,False,False,False,False,True
775,1,2,1,54.0,1,3,23.0,5,0,False,True,False,False,False,False,False,False,False,True
776,0,3,0,18.0,0,0,7.75,1,1,False,True,False,False,False,False,False,False,False,True
777,0,3,0,28.0,0,0,7.75,1,1,True,False,False,False,False,False,True,False,False,False
778,1,3,1,5.0,0,0,12.475,1,1,False,True,False,False,False,False,False,False,False,True
779,0,3,0,28.0,0,0,7.7375,1,1,True,False,False,False,False,False,False,False,False,True
780,1,1,1,43.0,0,1,211.3375,2,0,False,True,True,False,False,False,False,False,False,False
781,1,3,1,13.0,0,0,7.2292,1,1,False,False,False,False,False,False,False,False,False,True
782,1,1,1,17.0,1,0,57.0,2,0,False,True,True,False,False,False,False,False,False,False
783,0,1,0,29.0,0,0,30.0,1,1,False,True,False,False,True,False,False,False,False,False
784,0,3,0,28.0,1,2,23.45,4,0,False,True,False,False,False,False,False,False,False,True
785,0,3,0,25.0,0,0,7.05,1,1,False,True,False,False,False,False,False,False,False,True
786,0,3,0,25.0,0,0,7.25,1,1,False,True,False,False,False,False,False,False,False,True
787,1,3,1,18.0,0,0,7.4958,1,1,False,True,False,False,False,False,False,False,False,True
788,0,3,0,8.0,4,1,29.125,6,0,True,False,False,False,False,False,False,False,False,True
789,1,3,0,1.0,1,2,20.575,4,0,False,True,False,False,False,False,False,False,False,True
790,0,1,0,46.0,0,0,79.2,1,1,False,False,True,False,False,False,False,False,False,False
791,0,3,0,28.0,0,0,7.75,1,1,True,False,False,False,False,False,False,False,False,True
792,0,2,0,16.0,0,0,26.0,1,1,False,True,False,False,False,False,False,False,False,True
793,0,3,1,28.0,8,2,69.55,11,0,False,True,False,False,False,False,False,False,False,True
794,0,1,0,28.0,0,0,30.6958,1,1,False,False,False,False,False,False,False,False,False,True
795,0,3,0,25.0,0,0,7.8958,1,1,False,True,False,False,False,False,False,False,False,True
796,0,2,0,39.0,0,0,13.0,1,1,False,True,False,False,False,False,False,False,False,True
797,1,1,1,49.0,0,0,25.9292,1,1,False,True,False,False,True,False,False,False,False,False
798,1,3,1,31.0,0,0,8.6833,1,1,False,True,False,False,False,False,False,False,False,True
799,0,3,0,30.0,0,0,7.2292,1,1,False,False,False,False,False,False,False,False,False,True
800,0,3,1,30.0,1,1,24.15,3,0,False,True,False,False,False,False,False,False,False,True
801,0,2,0,34.0,0,0,13.0,1,1,False,True,False,False,False,False,False,False,False,True
802,1,2,1,31.0,1,1,26.25,3,0,False,True,False,False,False,False,False,False,False,True
803,1,1,0,11.0,1,2,120.0,4,0,False,True,True,False,False,False,False,False,False,False
804,1,3,0,0.42,0,1,8.5167,2,0,False,False,False,False,False,False,False,False,False,True
805,1,3,0,27.0,0,0,6.975,1,1,False,True,False,False,False,False,False,False,False,True
806,0,3,0,31.0,0,0,7.775,1,1,False,True,False,False,False,False,False,False,False,True
807,0,1,0,39.0,0,0,0.0,1,1,False,True,False,False,False,False,False,False,False,False
808,0,3,1,18.0,0,0,7.775,1,1,False,True,False,False,False,False,False,False,False,True
809,0,2,0,39.0,0,0,13.0,1,1,False,True,False,False,False,False,False,False,False,True
810,1,1,1,33.0,1,0,53.1,2,0,False,True,False,False,False,True,False,False,False,False
811,0,3,0,26.0,0,0,7.8875,1,1,False,True,False,False,False,False,False,False,False,True
812,0,3,0,39.0,0,0,24.15,1,1,False,True,False,False,False,False,False,False,False,True
813,0,2,0,35.0,0,0,10.5,1,1,False,True,False,False,False,False,False,False,False,True
814,0,3,1,6.0,4,2,31.275,7,0,False,True,False,False,False,False,False,False,False,True
815,0,3,0,30.5,0,0,8.05,1,1,False,True,False,False,False,False,False,False,False,True
816,0,1,0,28.0,0,0,0.0,1,1,False,True,True,False,False,False,False,False,False,False
817,0,3,1,23.0,0,0,7.925,1,1,False,True,False,False,False,False,False,False,False,True
818,0,2,0,31.0,1,1,37.0042,3,0,False,False,False,False,False,False,False,False,False,True
819,0,3,0,43.0,0,0,6.45,1,1,False,True,False,False,False,False,False,False,False,True
820,0,3,0,10.0,3,2,27.9,6,0,False,True,False,False,False,False,False,False,False,True
821,1,1,1,52.0,1,1,93.5,3,0,False,True,True,False,False,False,False,False,False,False
822,1,3,0,27.0,0,0,8.6625,1,1,False,True,False,False,False,False,False,False,False,True
823,0,1,0,38.0,0,0,0.0,1,1,False,True,False,False,False,False,False,False,False,True
824,1,3,1,27.0,0,1,12.475,2,0,False,True,False,False,False,True,False,False,False,False
825,0,3,0,2.0,4,1,39.6875,6,0,False,True,False,False,False,False,False,False,False,True
826,0,3,0,28.0,0,0,6.95,1,1,True,False,False,False,False,False,False,False,False,True
827,0,3,0,28.0,0,0,56.4958,1,1,False,True,False,False,False,False,False,False,False,True
828,1,2,0,1.0,0,2,37.0042,3,0,False,False,False,False,False,False,False,False,False,True
829,1,3,0,28.0,0,0,7.75,1,1,True,False,False,False,False,False,False,False,False,True
830,1,1,1,62.0,0,0,80.0,1,1,False,True,True,False,False,False,False,False,False,False
831,1,3,1,15.0,1,0,14.4542,2,0,False,False,False,False,False,False,False,False,False,True
832,1,2,0,0.83,1,1,18.75,3,0,False,True,False,False,False,False,False,False,False,True
833,0,3,0,28.0,0,0,7.2292,1,1,False,False,False,False,False,False,False,False,False,True
834,0,3,0,23.0,0,0,7.8542,1,1,False,True,False,False,False,False,False,False,False,True
835,0,3,0,18.0,0,0,8.3,1,1,False,True,False,False,False,False,False,False,False,True
836,1,1,1,39.0,1,1,83.1583,3,0,False,False,False,False,False,True,False,False,False,False
837,0,3,0,21.0,0,0,8.6625,1,1,False,True,False,False,False,False,False,False,False,True
838,0,3,0,28.0,0,0,8.05,1,1,False,True,False,False,False,False,False,False,False,True
839,1,3,0,32.0,0,0,56.4958,1,1,False,True,False,False,False,False,False,False,False,True
840,1,1,0,28.0,0,0,29.7,1,1,False,False,False,True,False,False,False,False,False,False
841,0,3,0,20.0,0,0,7.925,1,1,False,True,False,False,False,False,False,False,False,True
842,0,2,0,16.0,0,0,10.5,1,1,False,True,False,False,False,False,False,False,False,True
843,1,1,1,30.0,0,0,31.0,1,1,False,False,False,False,False,False,False,False,False,True
844,0,3,0,34.5,0,0,6.4375,1,1,False,False,False,False,False,False,False,False,False,True
845,0,3,0,17.0,0,0,8.6625,1,1,False,True,False,False,False,False,False,False,False,True
846,0,3,0,42.0,0,0,7.55,1,1,False,True,False,False,False,False,False,False,False,True
847,0,3,0,28.0,8,2,69.55,11,0,False,True,False,False,False,False,False,False,False,True
848,0,3,0,35.0,0,0,7.8958,1,1,False,False,False,False,False,False,False,False,False,True
849,0,2,0,28.0,0,1,33.0,2,0,False,True,False,False,False,False,False,False,False,True
850,1,1,1,28.0,1,0,89.1042,2,0,False,False,False,True,False,False,False,False,False,False
851,0,3,0,4.0,4,2,31.275,7,0,False,True,False,False,False,False,False,False,False,True
852,0,3,0,74.0,0,0,7.775,1,1,False,True,False,False,False,False,False,False,False,True
853,0,3,1,9.0,1,1,15.2458,3,0,False,False,False,False,False,False,False,False,False,True
854,1,1,1,16.0,0,1,39.4,2,0,False,True,False,False,True,False,False,False,False,False
855,0,2,1,44.0,1,0,26.0,2,0,False,True,False,False,False,False,False,False,False,True
856,1,3,1,18.0,0,1,9.35,2,0,False,True,False,False,False,False,False,False,False,True
857,1,1,1,45.0,1,1,164.8667,3,0,False,True,False,False,False,False,False,False,False,True
858,1,1,0,51.0,0,0,26.55,1,1,False,True,False,False,False,True,False,False,False,False
859,1,3,1,24.0,0,3,19.2583,4,0,False,False,False,False,False,False,False,False,False,True
860,0,3,0,28.0,0,0,7.2292,1,1,False,False,False,False,False,False,False,False,False,True
861,0,3,0,41.0,2,0,14.1083,3,0,False,True,False,False,False,False,False,False,False,True
862,0,2,0,21.0,1,0,11.5,2,0,False,True,False,False,False,False,False,False,False,True
863,1,1,1,48.0,0,0,25.9292,1,1,False,True,False,False,True,False,False,False,False,False
864,0,3,1,28.0,8,2,69.55,11,0,False,True,False,False,False,False,False,False,False,True
865,0,2,0,24.0,0,0,13.0,1,1,False,True,False,False,False,False,False,False,False,True
866,1,2,1,42.0,0,0,13.0,1,1,False,True,False,False,False,False,False,False,False,True
867,1,2,1,27.0,1,0,13.8583,2,0,False,False,False,False,False,False,False,False,False,True
868,0,1,0,31.0,0,0,50.4958,1,1,False,True,False,False,False,False,False,False,False,False
869,0,3,0,28.0,0,0,9.5,1,1,False,True,False,False,False,False,False,False,False,True
870,1,3,0,4.0,1,1,11.1333,3,0,False,True,False,False,False,False,False,False,False,True
871,0,3,0,26.0,0,0,7.8958,1,1,False,True,False,False,False,False,False,False,False,True
872,1,1,1,47.0,1,1,52.5542,3,0,False,True,False,False,True,False,False,False,False,False
873,0,1,0,33.0,0,0,5.0,1,1,False,True,True,False,False,False,False,False,False,False
874,0,3,0,47.0,0,0,9.0,1,1,False,True,False,False,False,False,False,False,False,True
875,1,2,1,28.0,1,0,24.0,2,0,False,False,False,False,False,False,False,False,False,True
876,1,3,1,15.0,0,0,7.225,1,1,False,False,False,False,False,False,False,False,False,True
877,0,3,0,20.0,0,0,9.8458,1,1,False,True,False,False,False,False,False,False,False,True
878,0,3,0,19.0,0,0,7.8958,1,1,False,True,False,False,False,False,False,False,False,True
879,0,3,0,28.0,0,0,7.8958,1,1,False,True,False,False,False,False,False,False,False,True
880,1,1,1,56.0,0,1,83.1583,2,0,False,False,False,True,False,False,False,False,False,False
881,1,2,1,25.0,0,1,26.0,2,0,False,True,False,False,False,False,False,False,False,True
882,0,3,0,33.0,0,0,7.8958,1,1,False,True,False,False,False,False,False,False,False,True
883,0,3,1,22.0,0,0,10.5167,1,1,False,True,False,False,False,False,False,False,False,True
884,0,2,0,28.0,0,0,10.5,1,1,False,True,False,False,False,False,False,False,False,True
885,0,3,0,25.0,0,0,7.05,1,1,False,True,False,False,False,False,False,False,False,True
886,0,3,1,39.0,0,5,29.125,6,0,True,False,False,False,False,False,False,False,False,True
887,0,2,0,27.0,0,0,13.0,1,1,False,True,False,False,False,False,False,False,False,True
888,1,1,1,19.0,0,0,30.0,1,1,False,True,True,False,False,False,False,False,False,False
889,0,3,1,28.0,1,2,23.45,4,0,False,True,False,False,False,False,False,False,False,True
890,1,1,0,26.0,0,0,30.0,1,1,False,False,False,True,False,False,False,False,False,False
891,0,3,0,32.0,0,0,7.75,1,1,True,False,False,False,False,False,False,False,False,True
